numero,area,precio,estado
2-1,208.07,37213.75,disponible
2-2,200,35770,disponible
2-3,200,35770,disponible
2-4,200,35770,disponible
2-5,200,35770,disponible
2-6,200,35770,disponible
2-7,200,35770,disponible
2-8,200,35770,reservado
2-9,208.07,37213.75,reservado
2-10,200,35770,disponible
2-11,200,35770,disponible
2-12,200,35770,disponible
2-13,200,35770,disponible
2-14,200,35770,vendido
2-15,200,35770,reservado
2-16,200.02,35773.75,reservado
10-1,214.14,38298.94,vendido
10-2,199.95,35761.06,disponible
10-3,199.95,35761.06,disponible
10-4,199.95,35761.06,disponible
10-5,199.95,35761.06,disponible
10-6,199.95,35761.06,disponible
10-7,199.95,35761.06,disponible
10-8,199.95,35761.06,reservado
10-9,199.95,35761.06,reservado
10-10,214.14,38298.94,vendido
10-11,199.95,35761.06,vendido
10-12,199.95,35761.06,vendido
10-13,199.95,35761.06,vendido
10-14,199.95,35761.06,disponible
10-15,199.95,35761.06,disponible
10-16,199.95,35761.06,disponible
10-17,199.95,35761.06,disponible
10-18,199.95,35761.06,disponible
10-19,199.95,35761.06,disponible
10-20,199.95,35761.06,disponible
10-21,199.95,35761.06,reservado
10-22,199.95,35761.06,reservado
18-1,260.57,46602.94,disponible
18-2,250,44712.5,disponible
18-3,250,44712.5,disponible
18-4,250,44712.5,disponible
18-5,250,44712.5,disponible
18-6,250,44712.5,reservado
18-7,304.14,54395.44,reservado
28-1,208.07,37213.32,vendido
28-2,200,35770,vendido
28-3,200,35770,vendido
28-4,200,35770,vendido
28-5,200,35770,vendido
28-6,200,35770,vendido
28-7,200,35770,vendido
28-8,200,35770,disponible
28-9,200,35770,disponible
28-10,200,35770,disponible
28-11,200,35770,disponible
28-12,200,35770,disponible
28-13,200,35770,disponible
28-14,208.07,37213.32,disponible
28-15,208.07,37213.32,vendido
28-16,200,35770,disponible
28-17,200,35770,vendido
28-18,200,35770,vendido
28-19,200,35770,vendido
28-20,200,35770,disponible
28-21,200,35770,disponible
28-22,200,35770,disponible
28-23,200,35770,disponible
28-24,200,35770,disponible
28-25,200,35770,disponible
28-26,200,35770,disponible
28-27,200,35770,disponible
28-28,208.07,37213.32,disponible
33-1,214.14,38298.94,disponible
33-2,199.95,35761.06,disponible
33-3,199.95,35761.06,disponible
33-4,199.95,35761.06,disponible
33-5,199.95,35761.06,disponible
33-6,199.95,35761.06,disponible
33-7,199.95,35761.06,disponible
33-8,199.95,35761.06,disponible
33-9,199.95,35761.06,disponible
33-10,199.95,35761.06,disponible
33-11,199.95,35761.06,disponible
33-12,199.95,35761.06,disponible
33-13,199.95,35761.06,disponible
33-14,199.95,35761.06,reservado
33-15,214.14,38298.94,reservado
33-16,214.14,38298.94,disponible
33-17,199.95,35761.06,disponible
33-18,199.95,35761.06,disponible
33-19,199.95,35761.06,disponible
33-20,199.95,35761.06,disponible
33-21,199.95,35761.06,disponible
33-22,199.95,35761.06,disponible
33-23,199.95,35761.06,disponible
33-24,199.95,35761.06,disponible
33-25,199.95,35761.06,disponible
33-26,199.95,35761.06,disponible
33-27,199.95,35761.06,disponible
33-28,199.95,35761.06,disponible
33-29,199.95,35761.06,reservado
33-30,214.14,38298.94,reservado
3-1,267.78,47892.45,vendido
3-2,200,35770,vendido
3-3,200,35770,vendido
3-4,200,35770,disponible
3-5,200,35770,disponible
3-6,200,35770,disponible
3-7,200,35770,disponible
3-8,200,35770,disponible
3-9,200,35770,vendido
3-10,208.07,37213.32,vendido
3-11,200,35770,vendido
3-12,200,35770,vendido
3-13,200,35770,disponible
3-14,200,35770,disponible
3-15,200,35770,disponible
3-16,208.07,37213.32,disponible
14-1,202.32,36184.93,vendido
14-2,199.95,35761.06,disponible
14-3,199.95,35761.06,disponible
14-4,199.95,35761.06,disponible
14-5,199.95,35761.06,disponible
14-6,199.95,35761.06,disponible
14-7,199.95,35761.06,disponible
14-8,199.95,35761.06,disponible
14-9,199.95,35761.06,disponible
14-10,199.95,35761.06,disponible
14-11,199.95,35761.06,disponible
14-12,199.95,35761.06,disponible
14-13,199.95,35761.06,reservado
14-14,203.39,36376.3,reservado
14-15,202.32,36184.93,vendido
14-16,199.95,35761.06,vendido
14-17,199.95,35761.06,disponible
14-18,199.95,35761.06,disponible
14-19,199.95,35761.06,disponible
14-20,199.95,35761.06,disponible
14-21,199.95,35761.06,disponible
14-22,199.95,35761.06,disponible
14-23,199.95,35761.06,disponible
14-24,199.95,35761.06,disponible
14-25,199.95,35761.06,disponible
14-26,199.95,35761.06,disponible
14-27,199.95,35761.06,reservado
14-28,203.39,36376.3,reservado
21-1,260.57,46602.94,vendido
21-2,250,44712.5,disponible
21-3,250,44712.5,disponible
21-4,250,44712.5,disponible
21-5,250,44712.5,disponible
21-6,250,44712.5,disponible
21-7,250,44712.5,disponible
21-8,250,44712.5,disponible
21-9,250,44712.5,disponible
21-10,250,44712.5,disponible
21-11,250,44712.5,disponible
21-12,250,44712.5,disponible
21-13,250,44712.5,disponible
21-14,250,44712.5,disponible
21-15,250,44712.5,disponible
21-16,250,44712.5,disponible
21-17,250,44712.5,reservado
21-18,250,44712.5,reservado
21-19,405.99,72611.31,reservado
29-1,366.79,65600.39,disponible
29-2,315.67,56457.58,disponible
29-3,350.74,62729.85,disponible
29-4,315.75,56471.89,disponible
29-5,304.11,54390.07,disponible
29-6,295.52,52853.75,disponible
29-7,295.77,52898.46,disponible
29-8,296.57,53041.54,disponible
29-9,302.44,54091.39,disponible
29-10,322.99,57766.76,disponible
29-11,344.46,61606.67,disponible
29-12,365.94,65448.37,reservado
29-13,387.42,69290.07,reservado
29-14,315.99,56514.81,reservado
37-1,223.32,39940.78,reservado
37-2,212,37916.2,reservado
37-3,212,37916.2,reservado
37-4,212,37916.2,reservado
37-5,212,37916.2,reservado
37-6,212,37916.2,reservado
37-7,212,37916.2,reservado
37-8,212,37916.2,reservado
37-9,212,37916.2,reservado
37-10,212,37916.2,reservado
37-11,206.53,36937.89,reservado
37-12,289.81,51832.52,reservado
37-13,223.32,39940.78,reservado
37-14,212,37916.2,reservado
37-15,212,37916.2,reservado
37-16,212,37916.2,reservado
37-17,212,37916.2,reservado
37-18,212,37916.2,reservado
37-19,211.51,37828.56,reservado
37-20,176.92,31642.14,reservado
37-21,189.85,33954.67,reservado
7-1,248.07,44367.32,vendido
7-2,250,44712.5,vendido
7-3,250,44712.5,disponible
7-4,250,44712.5,disponible
7-5,250,44712.5,disponible
7-6,250,44712.5,disponible
7-7,343.03,61350.92,disponible
7-8,354.8,63455.98,disponible
7-9,250,44712.5,disponible
7-10,250,44712.5,disponible
7-11,250,44712.5,disponible
7-12,250,44712.5,reservado
7-13,367.3,65691.61,reservado
17-1,208.07,37213.32,vendido
17-2,200,35770,vendido
17-3,200,35770,vendido
17-4,200,35770,vendido
17-5,200,35770,disponible
17-6,200,35770,disponible
17-7,200,35770,disponible
17-8,200,35770,disponible
17-9,200,35770,disponible
17-10,200,35770,disponible
17-11,200,35770,disponible
17-12,200,35770,reservado
17-13,198.07,35424.82,reservado
17-14,208.07,37213.32,vendido
17-15,200,35770,vendido
17-16,200,35770,vendido
17-17,200,35770,vendido
17-18,200,35770,vendido
17-19,200,35770,disponible
17-20,200,35770,disponible
17-21,200,35770,disponible
17-22,200,35770,disponible
17-23,200,36056.16,disponible
17-24,200,36342.32,disponible
17-25,200,36628.48,reservado
17-26,198.07,36558.41,reservado
25-1,250.57,44814.44,reservado
25-2,250,44712.5,reservado
25-3,250,44712.5,disponible
25-4,250,44712.5,disponible
25-5,250,44712.5,disponible
25-6,250,44712.5,disponible
25-7,250,44712.5,disponible
25-8,250,44712.5,disponible
25-9,250,44712.5,disponible
32-1,214.14,38298.94,vendido
32-2,199.95,35761.06,disponible
32-3,199.95,35761.06,disponible
32-4,199.95,35761.06,disponible
32-5,199.95,35761.06,disponible
32-6,199.95,35761.06,disponible
32-7,199.95,35761.06,disponible
32-8,199.95,35761.06,disponible
32-9,199.95,35761.06,disponible
32-10,199.95,35761.06,disponible
32-11,199.95,35761.06,disponible
32-12,199.95,35761.06,disponible
32-13,199.95,35761.06,disponible
32-14,199.95,35761.06,disponible
32-15,214.14,38298.94,disponible
32-16,214.14,38298.94,vendido
32-17,199.95,35761.06,disponible
32-18,199.95,35761.06,disponible
32-19,199.95,35761.06,disponible
32-20,199.95,35761.06,disponible
32-21,199.95,35761.06,disponible
32-22,199.95,35761.06,disponible
32-23,199.95,35761.06,disponible
32-24,199.95,35761.06,disponible
32-25,199.95,35761.06,disponible
32-26,199.95,35761.06,disponible
32-27,199.95,35761.06,disponible
32-28,199.95,35761.06,disponible
32-29,199.95,35761.06,disponible
32-30,214.14,38298.94,disponible
37-A-1,206.14,36868.14,disponible
37-A-2,200,35770,disponible
37-A-3,200,35770,disponible
37-A-4,200,35770,disponible
37-A-5,200,35770,disponible
37-A-6,200,35770,disponible
37-A-7,200,35770,disponible
37-A-8,200,35770,disponible
37-A-9,200,35770,disponible
37-A-10,200,35770,disponible
37-A-11,200,35770,disponible
37-A-12,200,35770,disponible
37-A-13,200,35770,reservado
37-A-14,200.22,35809.35,reservado
